email,employee_id,employee_name,department,manager_email,wfh_policy,days_allowed_wfh,approval_required,timezone,last_updated,notes
john.doe@company.com,E001,John Doe,Engineering,lead.eng@company.com,"Allowed 2 days/week; manager pre-approval required.",2,Yes,UTC+1,2025-08-01,"Core hours 10:00–16:00."
jane.smith@company.com,E002,Jane Smith,Finance,fin.manager@company.com,"Allowed 3 days/week; >3 requires CFO approval.",3,Yes,UTC+1,2025-08-02,"Quarter-close weeks: WFH limited to 1 day."
sam.brown@company.com,E003,Sam Brown,Support,support.lead@company.com,"Allowed 1 day/week.",1,No,UTC,2025-08-03,"Ensure on-call coverage."
emily.davis@company.com,E004,Emily Davis,HR,hr.head@company.com,"Allowed up to 4 days/week subject to team coverage.",4,Yes,UTC+2,2025-08-01,"Onboarding days on-site."
michael.wilson@company.com,E005,Michael Wilson,Sales,sales.dir@company.com,"WFH not allowed (client-facing role).",0,No,UTC-5,2025-08-02,"Exceptions require VP Sales."
anna.johnson@company.com,E006,Anna Johnson,Engineering,lead.eng@company.com,"Allowed 2 days/week; flexible per sprint needs.",2,No,UTC+1,2025-08-04,"Coordinate with team standups."
chris.lee@company.com,E007,Chris Lee,Marketing,marketing.head@company.com,"Allowed 3 days/week.",3,No,UTC+9,2025-08-03,"On-site for campaign launch days."
alex.khan@company.com,E008,Alex Khan,Data,ds.manager@company.com,"Allowed 4 days/week; ensure data access compliance.",4,Yes,UTC,2025-08-03,"Secure VPN required."
sara.park@company.com,E009,Sara Park,Product,prod.lead@company.com,"Allowed 2 days/week.",2,No,UTC-3,2025-08-02,"Be available for cross-timezone syncs."
li.wei@company.com,E010,Li Wei,Legal,legal.head@company.com,"Allowed 1 day/week; legal docs cannot leave office.",1,Yes,UTC+8,2025-08-04,"Redlines must be done on-site."
sarathompson@colmeneroio.onmicrosoft.com,E010,Li Wei,Legal,legal.head@company.com,"Allowed 1 day/week; legal docs cannot leave office.",1,Yes,UTC+8,2025-08-04,"Redlines must be done on-site."