Employee ID,Leave Type,Annual Leave Accrued,Annual Leave Taken,Annual Leave Remaining,Sick Leave Balance,Upcoming Absences,Completed Courses,Payroll Last Date,Payroll Amount,Deductions,Email
E001,Annual Leave,20,5,15,5,2025-08-15,Python for Data Science,2025-07-30,3000,250,john.doe@company.com
E002,Annual Leave,25,10,15,7,2025-08-20,HR Management Basics,2025-07-30,3200,200,jane.smith@company.com
E003,Sick Leave,10,2,8,10,2025-08-12,Data Analytics for Beginners,2025-07-30,2800,150,sam.brown@company.com
E004,Annual Leave,15,7,8,6,2025-08-05,Advanced Sales Training,2025-07-30,2700,100,emily.davis@company.com
E004,Annual Leave,15,7,8,6,2025-08-05,Advanced Sales Training,2025-07-30,2700,100,sarathompson@colmeneroio.onmicrosoft.com
