[{"id": 8, "reference_link": "https://chris1303es.freshdesk.com/a/tickets/8", "api_link": "https://chris1303es.freshdesk.com/api/v2/tickets/8", "conversations_api_link": "https://chris1303es.freshdesk.com/api/v2/tickets/8/conversations", "requester_reference_link": "https://chris1303es.freshdesk.com/a/contacts/158003365613", "requester_api_link": "https://chris1303es.freshdesk.com/api/v2/contacts/158003365613", "company_reference_link": "https://chris1303es.freshdesk.com/a/companies/158001663970", "company_api_link": "https://chris1303es.freshdesk.com/api/v2/companies/158001663970", "attachments": []},{"id": 7, "reference_link": "https://chris1303es.freshdesk.com/a/tickets/7", "api_link": "https://chris1303es.freshdesk.com/api/v2/tickets/7", "conversations_api_link": "https://chris1303es.freshdesk.com/api/v2/tickets/7/conversations", "requester_reference_link": "https://chris1303es.freshdesk.com/a/contacts/158003365613", "requester_api_link": "https://chris1303es.freshdesk.com/api/v2/contacts/158003365613", "company_reference_link": "https://chris1303es.freshdesk.com/a/companies/158001663970", "company_api_link": "https://chris1303es.freshdesk.com/api/v2/companies/158001663970", "attachments": []},{"id": 6, "reference_link": "https://chris1303es.freshdesk.com/a/tickets/6", "api_link": "https://chris1303es.freshdesk.com/api/v2/tickets/6", "conversations_api_link": "https://chris1303es.freshdesk.com/api/v2/tickets/6/conversations", "requester_reference_link": "https://chris1303es.freshdesk.com/a/contacts/158003365613", "requester_api_link": "https://chris1303es.freshdesk.com/api/v2/contacts/158003365613", "company_reference_link": "https://chris1303es.freshdesk.com/a/companies/158001663970", "company_api_link": "https://chris1303es.freshdesk.com/api/v2/companies/158001663970", "attachments": []},{"id": 5, "reference_link": "https://chris1303es.freshdesk.com/a/tickets/5", "api_link": "https://chris1303es.freshdesk.com/api/v2/tickets/5", "conversations_api_link": "https://chris1303es.freshdesk.com/api/v2/tickets/5/conversations", "requester_reference_link": "https://chris1303es.freshdesk.com/a/contacts/158003326731", "requester_api_link": "https://chris1303es.freshdesk.com/api/v2/contacts/158003326731", "attachments": []},{"id": 4, "reference_link": "https://chris1303es.freshdesk.com/a/tickets/4", "api_link": "https://chris1303es.freshdesk.com/api/v2/tickets/4", "conversations_api_link": "https://chris1303es.freshdesk.com/api/v2/tickets/4/conversations", "requester_reference_link": "https://chris1303es.freshdesk.com/a/contacts/158003326514", "requester_api_link": "https://chris1303es.freshdesk.com/api/v2/contacts/158003326514", "company_reference_link": "https://chris1303es.freshdesk.com/a/companies/158001663970", "company_api_link": "https://chris1303es.freshdesk.com/api/v2/companies/158001663970", "attachments": []},{"id": 3, "reference_link": "https://chris1303es.freshdesk.com/a/tickets/3", "api_link": "https://chris1303es.freshdesk.com/api/v2/tickets/3", "conversations_api_link": "https://chris1303es.freshdesk.com/api/v2/tickets/3/conversations", "requester_reference_link": "https://chris1303es.freshdesk.com/a/contacts/158003326514", "requester_api_link": "https://chris1303es.freshdesk.com/api/v2/contacts/158003326514", "company_reference_link": "https://chris1303es.freshdesk.com/a/companies/158001663970", "company_api_link": "https://chris1303es.freshdesk.com/api/v2/companies/158001663970", "attachments": []},{"id": 2, "reference_link": "https://chris1303es.freshdesk.com/a/tickets/2", "api_link": "https://chris1303es.freshdesk.com/api/v2/tickets/2", "conversations_api_link": "https://chris1303es.freshdesk.com/api/v2/tickets/2/conversations", "requester_reference_link": "https://chris1303es.freshdesk.com/a/contacts/158003325690", "requester_api_link": "https://chris1303es.freshdesk.com/api/v2/contacts/158003325690", "company_reference_link": "https://chris1303es.freshdesk.com/a/companies/158001663818", "company_api_link": "https://chris1303es.freshdesk.com/api/v2/companies/158001663818", "attachments": []},{"id": 1, "reference_link": "https://chris1303es.freshdesk.com/a/tickets/1", "api_link": "https://chris1303es.freshdesk.com/api/v2/tickets/1", "conversations_api_link": "https://chris1303es.freshdesk.com/api/v2/tickets/1/conversations", "requester_reference_link": "https://chris1303es.freshdesk.com/a/contacts/158003325688", "requester_api_link": "https://chris1303es.freshdesk.com/api/v2/contacts/158003325688", "company_reference_link": "https://chris1303es.freshdesk.com/a/companies/158001663817", "company_api_link": "https://chris1303es.freshdesk.com/api/v2/companies/158001663817", "attachments": []}]